Date,Open,High,Low,Close,Adj Close,Volume,Stock Symbol
2023-08-14,177.970001,179.690002,177.309998,179.460007,178.546356,43675600,AAPL
2023-08-15,178.880005,179.479996,177.050003,177.449997,176.5466,43622600,AAPL
2023-08-16,177.130005,178.539993,176.5,176.570007,175.671082,46964900,AAPL
2023-08-17,177.139999,177.509995,173.479996,174.0,173.114151,66062900,AAPL
2023-08-18,172.300003,175.100006,171.960007,174.490005,173.601669,61114200,AAPL
2023-08-21,175.070007,176.130005,173.740005,175.839996,174.944794,46311900,AAPL
2023-08-22,177.059998,177.679993,176.25,177.229996,176.327713,42084200,AAPL
2023-08-23,178.520004,181.550003,178.330002,181.119995,180.197906,52722800,AAPL
2023-08-24,180.669998,181.100006,176.009995,176.380005,175.482056,54945800,AAPL
2023-08-25,177.380005,179.149994,175.820007,178.610001,177.700684,51449600,AAPL
2023-08-28,180.089996,180.589996,178.550003,180.190002,179.272644,43820700,AAPL
2023-08-29,179.699997,184.899994,179.5,184.119995,183.182617,53003900,AAPL
2023-08-30,184.940002,187.850006,184.740005,187.649994,186.694672,60813900,AAPL
2023-08-31,187.839996,189.119995,187.479996,187.869995,186.913528,60794500,AAPL
2023-09-01,189.490005,189.919998,188.279999,189.460007,188.495468,45732600,AAPL
2023-09-05,188.279999,189.979996,187.610001,189.699997,188.734238,45280000,AAPL
2023-09-06,188.399994,188.850006,181.470001,182.910004,181.978806,81755800,AAPL
2023-09-07,175.179993,178.210007,173.539993,177.559998,176.656006,112488800,AAPL
2023-09-08,178.350006,180.240005,177.789993,178.179993,177.272858,65551300,AAPL
2023-09-11,180.070007,180.300003,177.339996,179.360001,178.446869,58953100,AAPL
2023-09-12,179.490005,180.130005,174.820007,176.300003,175.402466,90370200,AAPL
2023-09-13,176.509995,177.300003,173.979996,174.210007,173.32309,84267900,AAPL
2023-09-14,174.0,176.100006,173.580002,175.740005,174.845306,60895800,AAPL
2023-09-15,176.479996,176.5,173.820007,175.009995,174.119019,109205100,AAPL
2023-09-18,176.479996,179.380005,176.169998,177.970001,177.063934,67257600,AAPL
2023-09-19,177.520004,179.630005,177.130005,179.070007,178.158356,51826900,AAPL
2023-09-20,179.259995,179.699997,175.399994,175.490005,174.596573,58436200,AAPL
2023-09-21,174.550003,176.300003,173.860001,173.929993,173.044495,63047900,AAPL
2023-09-22,174.669998,177.080002,174.050003,174.789993,173.900116,56725400,AAPL
2023-09-25,174.199997,176.970001,174.149994,176.080002,175.183578,46172700,AAPL
2023-09-26,174.820007,175.199997,171.660004,171.960007,171.084564,64588900,AAPL
2023-09-27,172.619995,173.039993,169.050003,170.429993,169.562332,66921800,AAPL
2023-09-28,169.339996,172.029999,167.619995,170.690002,169.82103,56294400,AAPL
2023-09-29,172.020004,173.070007,170.339996,171.210007,170.338364,51814200,AAPL
2023-10-02,171.220001,174.300003,170.929993,173.75,172.865433,52164500,AAPL
2023-10-03,172.259995,173.630005,170.820007,172.399994,171.522293,49594600,AAPL
2023-10-04,171.089996,174.210007,170.970001,173.660004,172.775909,53020300,AAPL
2023-10-05,173.789993,175.449997,172.679993,174.910004,174.019516,48527900,AAPL
2023-10-06,173.800003,177.990005,173.179993,177.490005,176.586411,57224100,AAPL
2023-10-09,176.809998,179.050003,175.800003,178.990005,178.078766,42390800,AAPL
2023-10-10,178.100006,179.720001,177.949997,178.389999,177.481796,43698000,AAPL
2023-10-11,178.199997,179.850006,177.600006,179.800003,178.884644,47551100,AAPL
2023-10-12,180.070007,182.339996,179.039993,180.710007,179.790009,56743100,AAPL
2023-10-13,181.419998,181.929993,178.139999,178.850006,177.939484,51427100,AAPL
2023-10-16,176.75,179.080002,176.509995,178.720001,177.810135,52517000,AAPL
2023-10-17,176.649994,178.419998,174.800003,177.149994,176.248123,57549400,AAPL
2023-10-18,175.580002,177.580002,175.110001,175.839996,174.944794,54764400,AAPL
2023-10-19,176.039993,177.839996,175.190002,175.460007,174.566727,59302900,AAPL
2023-10-20,175.309998,175.419998,172.639999,172.880005,171.999878,64189300,AAPL
2023-10-23,170.910004,174.009995,169.929993,173.0,172.119247,55980100,AAPL
2023-10-24,173.050003,173.669998,171.449997,173.440002,172.557007,43816600,AAPL
2023-10-25,171.880005,173.059998,170.649994,171.100006,170.228912,57157000,AAPL
2023-10-26,170.369995,171.380005,165.669998,166.889999,166.040359,70625300,AAPL
2023-10-27,166.910004,168.960007,166.830002,168.220001,167.363586,58499100,AAPL
2023-10-30,169.020004,171.169998,168.869995,170.289993,169.423035,51131000,AAPL
2023-10-31,169.350006,170.899994,167.899994,170.770004,169.90062,44846000,AAPL
2023-11-01,171.0,174.229996,170.119995,173.970001,173.084305,56934900,AAPL
2023-11-02,175.520004,177.779999,175.460007,177.570007,176.666,77334800,AAPL
2023-11-03,174.240005,176.820007,173.350006,176.649994,175.750656,79763700,AAPL
2023-11-06,176.380005,179.429993,176.210007,179.229996,178.31752,63841300,AAPL
2023-11-07,179.179993,182.440002,178.970001,181.820007,180.894363,70530000,AAPL
2023-11-08,182.350006,183.449997,181.589996,182.889999,181.958908,49340300,AAPL
2023-11-09,182.960007,184.119995,181.809998,182.410004,181.481354,53763500,AAPL
2023-11-10,183.970001,186.570007,183.529999,186.399994,185.695358,66133400,AAPL
2023-11-13,185.820007,186.029999,184.210007,184.800003,184.101395,43627500,AAPL
2023-11-14,187.699997,188.110001,186.300003,187.440002,186.731415,60108400,AAPL
2023-11-15,187.850006,189.5,187.779999,188.009995,187.299271,53790500,AAPL
2023-11-16,189.570007,190.960007,188.649994,189.710007,188.992844,54412900,AAPL
2023-11-17,190.25,190.380005,188.570007,189.690002,188.9729,50922700,AAPL
2023-11-20,189.889999,191.910004,189.880005,191.449997,190.726257,46505100,AAPL
2023-11-21,191.410004,191.520004,189.740005,190.639999,189.919312,38134500,AAPL
2023-11-22,191.490005,192.929993,190.830002,191.309998,190.586792,39617700,AAPL
2023-11-24,190.869995,190.899994,189.25,189.970001,189.251846,24048300,AAPL
2023-11-27,189.919998,190.669998,188.899994,189.789993,189.072525,40552600,AAPL
2023-11-28,189.779999,191.080002,189.399994,190.399994,189.680206,38415400,AAPL
2023-11-29,190.899994,192.089996,188.970001,189.369995,188.654129,43014200,AAPL
2023-11-30,189.839996,190.320007,188.190002,189.949997,189.231934,48794400,AAPL
2023-12-01,190.330002,191.559998,189.229996,191.240005,190.517059,45679300,AAPL
2023-12-04,189.979996,190.050003,187.449997,189.429993,188.713882,43389500,AAPL
2023-12-05,190.210007,194.399994,190.179993,193.419998,192.688812,66628400,AAPL
2023-12-06,194.449997,194.759995,192.110001,192.320007,191.592972,41089700,AAPL
2023-12-07,193.630005,195.0,193.589996,194.270004,193.535599,47477700,AAPL
2023-12-08,194.199997,195.990005,193.669998,195.710007,194.970154,53377300,AAPL
2023-12-11,193.110001,193.490005,191.419998,193.179993,192.449707,60943700,AAPL
2023-12-12,193.080002,194.720001,191.720001,194.710007,193.973953,52696900,AAPL
2023-12-13,195.089996,198.0,194.850006,197.960007,197.21167,70404200,AAPL
2023-12-14,198.020004,199.619995,196.160004,198.110001,197.361084,66831600,AAPL
2023-12-15,197.529999,198.399994,197.0,197.570007,196.82312,128256700,AAPL
2023-12-18,196.089996,196.630005,194.389999,195.889999,195.149475,55751900,AAPL
2023-12-19,196.160004,196.949997,195.889999,196.940002,196.195511,40714100,AAPL
2023-12-20,196.899994,197.679993,194.830002,194.830002,194.093491,52242800,AAPL
2023-12-21,196.100006,197.080002,193.5,194.679993,193.944031,46482500,AAPL
2023-12-22,195.179993,195.410004,192.970001,193.600006,192.868134,37122800,AAPL
2023-12-26,193.610001,193.889999,192.830002,193.050003,192.320221,28919300,AAPL
2023-12-27,192.490005,193.5,191.089996,193.149994,192.41983,48087700,AAPL
2023-12-28,194.139999,194.660004,193.169998,193.580002,192.848221,34049900,AAPL
2023-12-29,193.899994,194.399994,191.729996,192.529999,191.802185,42628800,AAPL
2024-01-02,187.149994,188.440002,183.889999,185.639999,184.938217,82488700,AAPL
2024-01-03,184.220001,185.880005,183.429993,184.25,183.553467,58414500,AAPL
2024-01-04,182.149994,183.089996,180.880005,181.910004,181.222336,71983600,AAPL
2024-01-05,181.990005,182.759995,180.169998,181.179993,180.495071,62303300,AAPL
2024-01-08,182.089996,185.600006,181.5,185.559998,184.858521,59144500,AAPL
2024-01-09,183.919998,185.149994,182.729996,185.139999,184.440109,42841800,AAPL
2024-01-10,184.350006,186.399994,183.919998,186.190002,185.48613,46792900,AAPL
2024-01-11,186.539993,187.050003,183.619995,185.589996,184.888412,49128400,AAPL
2024-01-12,186.059998,186.740005,185.190002,185.919998,185.217163,40444700,AAPL
2024-01-16,182.160004,184.259995,180.929993,183.630005,182.935822,65603000,AAPL
2024-01-17,181.270004,182.929993,180.300003,182.679993,181.989395,47317400,AAPL
2024-01-18,186.089996,189.139999,185.830002,188.630005,187.916931,78005800,AAPL
2024-01-19,189.330002,191.949997,188.820007,191.559998,190.835846,68741000,AAPL
2024-01-22,192.300003,195.330002,192.259995,193.889999,193.157028,60133900,AAPL
2024-01-23,195.020004,195.75,193.830002,195.179993,194.442154,42355600,AAPL
2024-01-24,195.419998,196.380005,194.339996,194.5,193.764725,53631300,AAPL
2024-01-25,195.220001,196.270004,193.110001,194.169998,193.435974,54822100,AAPL
2024-01-26,194.270004,194.759995,191.940002,192.419998,191.692581,44594000,AAPL
2024-01-29,192.009995,192.199997,189.580002,191.729996,191.005203,47145600,AAPL
2024-01-30,190.940002,191.800003,187.470001,188.039993,187.329132,55859400,AAPL
2024-01-31,187.039993,187.100006,184.350006,184.399994,183.702911,55467800,AAPL
2024-02-01,183.990005,186.949997,183.820007,186.860001,186.153625,64885400,AAPL
2024-02-02,179.860001,187.330002,179.25,185.850006,185.14743,102518000,AAPL
2024-02-05,188.149994,189.25,185.839996,187.679993,186.970505,69668800,AAPL
2024-02-06,186.860001,189.309998,186.770004,189.300003,188.584396,43490800,AAPL
2024-02-07,190.639999,191.050003,188.610001,189.410004,188.69397,53439000,AAPL
2024-02-08,189.389999,189.539993,187.350006,188.320007,187.608109,40962000,AAPL
2024-02-09,188.649994,189.990005,188.0,188.850006,188.37616,45155200,AAPL
2024-02-12,188.419998,188.669998,186.789993,187.149994,186.68042,41781900,AAPL
2024-02-13,185.770004,186.210007,183.509995,185.039993,184.575714,56529500,AAPL
2024-02-14,185.320007,185.529999,182.440002,184.149994,183.687943,54630500,AAPL
2024-02-15,183.550003,184.490005,181.350006,183.860001,183.398682,65434500,AAPL
2024-02-16,183.419998,184.850006,181.669998,182.309998,181.852554,49701400,AAPL
2024-02-20,181.789993,182.429993,180.0,181.559998,181.104446,53665600,AAPL
2024-02-21,181.940002,182.889999,180.660004,182.320007,181.862549,41529700,AAPL
2024-02-22,183.479996,184.960007,182.460007,184.369995,183.907379,52292200,AAPL
2024-02-23,185.009995,185.039993,182.229996,182.520004,182.062057,45119700,AAPL
2024-02-26,182.240005,182.759995,180.649994,181.160004,180.70546,40867400,AAPL
2024-02-27,181.100006,183.919998,179.559998,182.630005,182.171768,54318900,AAPL
2024-02-28,182.509995,183.119995,180.130005,181.419998,180.964798,48953900,AAPL
2024-02-29,181.270004,182.570007,179.529999,180.75,180.296478,136682600,AAPL
2024-03-01,179.550003,180.529999,177.380005,179.660004,179.209213,73488000,AAPL
2024-03-04,176.149994,176.899994,173.789993,175.100006,174.66066,81510100,AAPL
2024-03-05,170.759995,172.039993,169.619995,170.119995,169.693146,95132400,AAPL
2024-03-06,171.059998,171.240005,168.679993,169.119995,168.695663,68587700,AAPL
2024-03-07,169.149994,170.729996,168.490005,169.0,168.575958,71765100,AAPL
2024-03-08,169.0,173.699997,168.940002,170.729996,170.30162,76114600,AAPL
2024-03-11,172.940002,174.380005,172.050003,172.75,172.316559,60139500,AAPL
2024-03-12,173.149994,174.029999,171.009995,173.229996,172.795334,59825400,AAPL
2024-03-13,172.770004,173.190002,170.759995,171.130005,170.700623,52488700,AAPL
2024-03-14,172.910004,174.309998,172.050003,173.0,172.565933,72913500,AAPL
2024-03-15,171.169998,172.619995,170.289993,172.619995,172.186874,121664700,AAPL
2024-03-18,175.570007,177.710007,173.520004,173.720001,173.284119,75604200,AAPL
2024-03-19,174.339996,176.610001,173.029999,176.080002,175.638214,55215200,AAPL
2024-03-20,175.720001,178.669998,175.089996,178.669998,178.221695,53423100,AAPL
2024-03-21,177.050003,177.490005,170.839996,171.369995,170.940002,106181300,AAPL
2024-03-22,171.759995,173.050003,170.059998,172.279999,171.847717,71106600,AAPL
2024-03-25,170.570007,171.940002,169.449997,170.850006,170.421326,54288300,AAPL
2024-03-26,170.0,171.419998,169.580002,169.710007,169.28418,57388400,AAPL
2024-03-27,170.410004,173.600006,170.110001,173.309998,172.875137,60273300,AAPL
2024-03-28,171.75,172.229996,170.509995,171.479996,171.049728,65672700,AAPL
2024-04-01,171.190002,171.25,169.479996,170.029999,169.603378,46240500,AAPL
2024-04-02,169.080002,169.339996,168.229996,168.839996,168.416351,49329500,AAPL
2024-04-03,168.789993,170.679993,168.580002,169.649994,169.224335,47691700,AAPL
2024-04-04,170.289993,171.919998,168.820007,168.820007,168.396423,53704400,AAPL
2024-04-05,169.589996,170.389999,168.949997,169.580002,169.15451,42055200,AAPL
2024-04-08,169.029999,169.199997,168.240005,168.449997,168.027344,37425500,AAPL
2024-04-09,168.699997,170.080002,168.350006,169.669998,169.244278,42451200,AAPL
2024-04-10,168.800003,169.089996,167.110001,167.779999,167.359009,49709300,AAPL
2024-04-11,168.339996,175.460007,168.160004,175.039993,174.6008,91070300,AAPL
2024-04-12,174.259995,178.360001,174.210007,176.550003,176.107025,101593300,AAPL
2024-04-15,175.360001,176.630005,172.5,172.690002,172.256699,73531800,AAPL
2024-04-16,171.75,173.759995,168.270004,169.380005,168.955017,73711200,AAPL
2024-04-17,169.610001,170.649994,168.0,168.0,167.578476,50901200,AAPL
2024-04-18,168.029999,168.639999,166.550003,167.039993,166.620865,43122900,AAPL
2024-04-19,166.210007,166.399994,164.080002,165.0,164.585999,67772100,AAPL
2024-04-22,165.520004,167.259995,164.770004,165.839996,165.423874,48116400,AAPL
2024-04-23,165.350006,167.050003,164.919998,166.899994,166.481216,49537800,AAPL
2024-04-24,166.539993,169.300003,166.210007,169.020004,168.595917,48251800,AAPL
2024-04-25,169.529999,170.610001,168.149994,169.889999,169.46373,50558300,AAPL
2024-04-26,169.880005,171.339996,169.179993,169.300003,168.875214,44838400,AAPL
2024-04-29,173.369995,176.029999,173.100006,173.5,173.064667,68169400,AAPL
2024-04-30,173.330002,174.990005,170.0,170.330002,169.902618,65934800,AAPL
2024-05-01,169.580002,172.710007,169.110001,169.300003,168.875214,50383100,AAPL
2024-05-02,172.509995,173.419998,170.889999,173.029999,172.595856,94214900,AAPL
2024-05-03,186.649994,187.0,182.660004,183.380005,182.919876,163224100,AAPL
2024-05-06,182.350006,184.199997,180.419998,181.710007,181.254074,78569700,AAPL
2024-05-07,183.449997,184.899994,181.320007,182.399994,181.942337,77305800,AAPL
2024-05-08,182.850006,183.070007,181.449997,182.740005,182.281494,45057100,AAPL
2024-05-09,182.559998,184.660004,182.110001,184.570007,184.106903,48983000,AAPL
2024-05-10,184.899994,185.089996,182.130005,183.050003,182.838364,50759500,AAPL
2024-05-13,185.440002,187.100006,184.619995,186.279999,186.064636,72044800,AAPL
2024-05-14,187.509995,188.300003,186.289993,187.429993,187.213303,52393600,AAPL
2024-05-15,187.910004,190.649994,187.369995,189.720001,189.500656,70400000,AAPL
2024-05-16,190.470001,191.100006,189.660004,189.839996,189.620514,52845200,AAPL
2024-05-17,189.509995,190.809998,189.179993,189.869995,189.650482,41282900,AAPL
2024-05-20,189.330002,191.919998,189.009995,191.039993,190.819122,44361300,AAPL
2024-05-21,191.089996,192.729996,190.919998,192.350006,192.127625,42309400,AAPL
2024-05-22,192.270004,192.820007,190.270004,190.899994,190.679291,34648500,AAPL
2024-05-23,190.979996,191.0,186.630005,186.880005,186.66394,51005900,AAPL
2024-05-24,188.820007,190.580002,188.039993,189.979996,189.760345,36294600,AAPL
2024-05-28,191.509995,193.0,189.100006,189.990005,189.770355,52280100,AAPL
2024-05-29,189.610001,192.25,189.509995,190.289993,190.069992,53068000,AAPL
2024-05-30,190.759995,192.179993,190.630005,191.289993,191.068832,49947900,AAPL
2024-05-31,191.440002,192.570007,189.910004,192.25,192.027725,75158300,AAPL
2024-06-03,192.899994,194.990005,192.520004,194.029999,193.805664,50080500,AAPL
2024-06-04,194.639999,195.320007,193.029999,194.350006,194.125305,47471400,AAPL
2024-06-05,195.399994,196.899994,194.869995,195.869995,195.643539,54156800,AAPL
2024-06-06,195.690002,196.5,194.169998,194.479996,194.255142,41181800,AAPL
2024-06-07,194.649994,196.940002,194.139999,196.889999,196.662369,53103900,AAPL
2024-06-10,196.899994,197.300003,192.149994,193.119995,192.896713,97262100,AAPL
2024-06-11,193.649994,207.160004,193.630005,207.149994,206.910492,172373300,AAPL
2024-06-12,207.369995,220.199997,206.899994,213.070007,212.823669,198134300,AAPL
2024-06-13,214.740005,216.75,211.600006,214.240005,213.99231,97862700,AAPL
2024-06-14,213.850006,215.169998,211.300003,212.490005,212.244339,70122700,AAPL
2024-06-17,213.369995,218.949997,212.720001,216.669998,216.419495,93728300,AAPL
2024-06-18,217.589996,218.630005,213.0,214.289993,214.042236,79943300,AAPL
2024-06-20,213.929993,214.240005,208.850006,209.679993,209.437576,86172500,AAPL
2024-06-21,210.389999,211.889999,207.110001,207.490005,207.250122,246421400,AAPL
2024-06-24,207.720001,212.699997,206.589996,208.139999,207.899353,80727000,AAPL
2024-06-25,209.149994,211.380005,208.610001,209.070007,208.828293,56713900,AAPL
2024-06-26,211.5,214.860001,210.639999,213.25,213.003448,66213200,AAPL
2024-06-27,214.690002,215.740005,212.350006,214.100006,213.852478,49772700,AAPL
2024-06-28,215.770004,216.070007,210.300003,210.619995,210.37648,82542700,AAPL
2024-07-01,212.089996,217.509995,211.919998,216.75,216.499405,60402900,AAPL
2024-07-02,216.149994,220.380005,215.100006,220.270004,220.015335,58046200,AAPL
2024-07-03,220.0,221.550003,219.029999,221.550003,221.293854,37369800,AAPL
2024-07-05,221.649994,226.449997,221.649994,226.339996,226.078308,60412400,AAPL
2024-07-08,227.089996,227.850006,223.25,227.820007,227.55661,59085900,AAPL
2024-07-09,227.929993,229.399994,226.369995,228.679993,228.415604,48076100,AAPL
2024-07-10,229.300003,233.080002,229.25,232.979996,232.710632,62627700,AAPL
2024-07-11,231.389999,232.389999,225.770004,227.570007,227.3069,64710600,AAPL
2024-07-12,228.919998,232.639999,228.679993,230.539993,230.273453,53046500,AAPL
2024-07-15,236.479996,237.229996,233.089996,234.399994,234.128998,62631300,AAPL
2024-07-16,235.0,236.270004,232.330002,234.820007,234.548523,43234300,AAPL
2024-07-17,229.449997,231.460007,226.639999,228.880005,228.615387,57345900,AAPL
2024-07-18,230.279999,230.440002,222.270004,224.179993,223.920807,66034600,AAPL
2024-07-19,224.820007,226.800003,223.279999,224.309998,224.050659,49151500,AAPL
2024-07-22,227.009995,227.779999,223.089996,223.960007,223.70108,48201800,AAPL
2024-07-23,224.369995,226.940002,222.679993,225.009995,224.749847,39960300,AAPL
2024-07-24,224.0,224.800003,217.130005,218.539993,218.287323,61777600,AAPL
2024-07-25,218.929993,220.850006,214.619995,217.490005,217.238556,51391200,AAPL
2024-07-26,218.699997,219.490005,216.009995,217.960007,217.708008,41601300,AAPL
2024-07-29,216.960007,219.300003,215.75,218.240005,217.987686,36311800,AAPL
2024-07-30,219.190002,220.330002,216.119995,218.800003,218.547043,41643800,AAPL
2024-07-31,221.440002,223.820007,220.630005,222.080002,221.823242,50036300,AAPL
2024-08-01,224.369995,224.479996,217.020004,218.360001,218.107544,62501000,AAPL
2024-08-02,219.149994,225.600006,217.710007,219.860001,219.605804,105568600,AAPL
2024-08-05,199.089996,213.5,196.0,209.270004,209.028061,119548600,AAPL
2024-08-06,205.300003,209.990005,201.070007,207.229996,206.990402,69660500,AAPL
2024-08-07,206.899994,213.639999,206.389999,209.820007,209.577423,63516400,AAPL
2024-08-08,213.110001,214.199997,208.830002,213.309998,213.063385,47161100,AAPL
2024-08-09,212.100006,216.779999,211.970001,216.240005,215.990005,42201600,AAPL
2024-08-12,216.070007,219.509995,215.600006,217.529999,217.529999,37992400,AAPL
2024-08-13,219.104996,221.889999,219.009995,221.464493,221.464493,26464423,AAPL
2023-08-14,129.850006,131.910004,129.589996,131.830002,131.680161,17526200,GOOG
2023-08-15,131.589996,131.990005,129.819,130.270004,130.121933,14769200,GOOG
2023-08-16,129.279999,130.897995,128.460007,129.110001,128.963242,17548400,GOOG
2023-08-17,130.449997,132.490997,129.850006,130.460007,130.311722,23665600,GOOG
2023-08-18,129.059998,129.830002,127.0,128.110001,127.964386,23619400,GOOG
2023-08-21,127.849998,129.259995,127.160004,128.929993,128.783447,21851100,GOOG
2023-08-22,129.130005,130.949997,128.925003,129.690002,129.542587,15569400,GOOG
2023-08-23,130.850006,134.070007,130.509995,133.210007,133.058594,26497000,GOOG
2023-08-24,134.727005,134.970001,130.300003,130.419998,130.271759,18680400,GOOG
2023-08-25,130.139999,131.399994,128.039993,130.690002,130.541458,20678100,GOOG
2023-08-28,132.080002,133.240005,130.850006,131.789993,131.640198,16715500,GOOG
2023-08-29,132.998001,137.294998,132.979996,135.490005,135.335999,30803300,GOOG
2023-08-30,135.570007,137.25,135.020996,136.929993,136.774353,21773400,GOOG
2023-08-31,137.050003,138.399994,136.820007,137.350006,137.193878,28147900,GOOG
2023-09-01,138.429993,138.580002,135.940002,136.800003,136.644501,16665700,GOOG
2023-09-05,136.440002,137.369995,135.559998,136.710007,136.554611,17730200,GOOG
2023-09-06,137.014999,137.479996,134.690002,135.369995,135.216125,15814300,GOOG
2023-09-07,134.600006,136.580002,133.960007,136.199997,136.045181,16976000,GOOG
2023-09-08,135.869995,137.514999,135.869995,137.199997,137.044052,17810700,GOOG
2023-09-11,137.380005,138.264008,136.550003,137.740005,137.583435,17180800,GOOG
2023-09-12,137.130005,137.639999,135.929993,136.070007,135.915344,15212900,GOOG
2023-09-13,135.899994,137.699997,134.929993,137.5,137.343704,16394900,GOOG
2023-09-14,138.389999,139.550003,137.059998,138.990005,138.832016,19064600,GOOG
2023-09-15,138.800003,139.360001,137.179993,138.300003,138.142807,48947600,GOOG
2023-09-18,137.630005,139.929993,137.630005,138.960007,138.802063,16233600,GOOG
2023-09-19,138.25,139.175003,137.5,138.830002,138.672195,15479100,GOOG
2023-09-20,138.830002,138.839996,134.520004,134.589996,134.437012,21473500,GOOG
2023-09-21,132.389999,133.190002,131.089996,131.360001,131.210693,22042700,GOOG
2023-09-22,131.679993,133.009995,130.509995,131.25,131.100815,17348700,GOOG
2023-09-25,130.770004,132.220001,130.029999,132.169998,132.01976,14650000,GOOG
2023-09-26,130.914001,131.404999,128.190002,129.449997,129.302856,20378800,GOOG
2023-09-27,129.440002,131.720001,129.380005,131.460007,131.310577,18764200,GOOG
2023-09-28,130.690002,134.179993,130.690002,133.130005,132.978683,18201400,GOOG
2023-09-29,134.080002,134.889999,131.320007,131.850006,131.700134,23224200,GOOG
2023-10-02,132.154999,135.360001,132.065002,135.169998,135.016357,19210400,GOOG
2023-10-03,134.929993,135.240005,132.815002,133.300003,133.148483,19628700,GOOG
2023-10-04,133.660004,136.570007,133.429993,136.270004,136.115112,22848000,GOOG
2023-10-05,136.130005,136.5,134.455002,135.990005,135.835434,15922900,GOOG
2023-10-06,134.940002,139.186005,134.940002,138.729996,138.572311,20819300,GOOG
2023-10-09,137.990005,139.970001,136.699997,139.5,139.341431,16599100,GOOG
2023-10-10,139.509995,140.740005,138.429993,139.199997,139.041779,19554900,GOOG
2023-10-11,139.850006,142.220001,139.839996,141.699997,141.538925,20146300,GOOG
2023-10-12,142.160004,142.380005,139.449997,140.289993,140.130524,18173100,GOOG
2023-10-13,140.649994,141.339996,137.970001,138.580002,138.422485,19438700,GOOG
2023-10-16,139.729996,140.904999,139.320007,140.490005,140.330322,17345600,GOOG
2023-10-17,140.029999,141.25,138.529007,140.990005,140.829742,17424000,GOOG
2023-10-18,140.75,141.990005,138.705002,139.279999,139.121689,18304900,GOOG
2023-10-19,139.800003,141.005005,138.600006,138.979996,138.822021,21831200,GOOG
2023-10-20,138.589996,139.039993,136.244995,136.740005,136.584579,24953900,GOOG
2023-10-23,136.229996,139.020004,135.110001,137.899994,137.743256,20780700,GOOG
2023-10-24,139.160004,140.710007,138.75,140.119995,139.960724,26535200,GOOG
2023-10-25,129.770004,130.100006,126.089996,126.669998,126.526016,58796100,GOOG
2023-10-26,124.470001,125.459999,122.32,123.440002,123.29969,33907400,GOOG
2023-10-27,124.029999,124.440002,121.459999,123.400002,123.259735,37367700,GOOG
2023-10-30,124.459999,126.550003,123.879997,125.75,125.607063,24165600,GOOG
2023-10-31,126.269997,126.559998,123.925003,125.300003,125.157578,21123400,GOOG
2023-11-01,125.339996,127.739998,124.925003,127.57,127.424995,26536600,GOOG
2023-11-02,129.559998,130.089996,128.110001,128.580002,128.433853,24091700,GOOG
2023-11-03,129.089996,130.729996,129.009995,130.369995,130.221802,19517900,GOOG
2023-11-06,130.220001,131.559998,129.929993,131.449997,131.300583,15360400,GOOG
2023-11-07,131.979996,133.279999,131.139999,132.399994,132.249496,19223800,GOOG
2023-11-08,132.360001,133.539993,132.160004,133.259995,133.108521,15093600,GOOG
2023-11-09,133.360001,133.960007,131.509995,131.690002,131.540314,17976500,GOOG
2023-11-10,131.529999,134.270004,130.869995,134.059998,133.907623,20872900,GOOG
2023-11-13,133.360001,134.110001,132.770004,133.639999,133.488098,16409900,GOOG
2023-11-14,135.649994,137.240005,135.100006,135.429993,135.276062,22317300,GOOG
2023-11-15,136.639999,136.839996,135.330002,136.380005,136.224991,15840900,GOOG
2023-11-16,136.960007,138.880005,136.080002,138.699997,138.542343,17615100,GOOG
2023-11-17,137.820007,138.0,135.479996,136.940002,136.784348,25565300,GOOG
2023-11-20,135.5,138.425003,135.490005,137.919998,137.763229,19569400,GOOG
2023-11-21,137.940002,138.964996,137.705002,138.619995,138.462433,17648100,GOOG
2023-11-22,139.100006,141.100006,139.0,140.020004,139.860855,17306400,GOOG
2023-11-24,139.539993,139.677002,137.470001,138.220001,138.062897,8828600,GOOG
2023-11-27,137.570007,139.630005,137.539993,138.050003,137.893082,17886400,GOOG
2023-11-28,137.630005,138.660004,137.039993,138.619995,138.462433,17046900,GOOG
2023-11-29,138.985001,139.669998,136.294998,136.399994,136.244949,21014700,GOOG
2023-11-30,136.399994,136.960007,132.789993,133.919998,133.767776,29913500,GOOG
2023-12-01,133.320007,133.5,132.151993,133.320007,133.168472,24258400,GOOG
2023-12-04,131.294006,131.449997,129.399994,130.630005,130.481522,24117100,GOOG
2023-12-05,130.369995,133.539993,129.729996,132.389999,132.239517,19235100,GOOG
2023-12-06,132.899994,133.309998,131.309998,131.429993,131.280594,16360600,GOOG
2023-12-07,136.600006,140.0,136.229996,138.449997,138.292633,38419400,GOOG
2023-12-08,135.660004,137.990005,135.570007,136.639999,136.48468,22990900,GOOG
2023-12-11,133.820007,134.789993,132.889999,134.699997,134.54689,24502900,GOOG
2023-12-12,133.270004,134.539993,132.830002,133.639999,133.488098,26584000,GOOG
2023-12-13,134.544998,134.779999,132.949997,133.970001,133.817719,25414500,GOOG
2023-12-14,134.770004,135.035004,131.059998,133.199997,133.048599,29619100,GOOG
2023-12-15,132.919998,134.830002,132.630005,133.839996,133.687866,58569400,GOOG
2023-12-18,133.860001,138.380005,133.770004,137.190002,137.034058,25699800,GOOG
2023-12-19,138.0,138.770004,137.449997,138.100006,137.943039,20661000,GOOG
2023-12-20,140.330002,143.078003,139.410004,139.660004,139.501251,33507300,GOOG
2023-12-21,140.770004,142.029999,140.473007,141.800003,141.638824,18101500,GOOG
2023-12-22,142.130005,143.25,142.054993,142.720001,142.55777,18494700,GOOG
2023-12-26,142.979996,143.945007,142.5,142.820007,142.657669,11170100,GOOG
2023-12-27,142.830002,143.320007,141.050995,141.440002,141.279236,17288400,GOOG
2023-12-28,141.850006,142.270004,140.828003,141.279999,141.119415,12192500,GOOG
2023-12-29,140.679993,141.434998,139.899994,140.929993,140.769806,14872700,GOOG
2024-01-02,139.600006,140.615005,137.740005,139.559998,139.401367,20071900,GOOG
2024-01-03,138.600006,141.089996,138.429993,140.360001,140.200455,18974300,GOOG
2024-01-04,139.850006,140.634995,138.009995,138.039993,137.883087,18253300,GOOG
2024-01-05,138.352005,138.809998,136.850006,137.389999,137.233841,15433200,GOOG
2024-01-08,138.0,140.639999,137.880005,140.529999,140.37027,17645300,GOOG
2024-01-09,140.059998,142.800003,139.789993,142.559998,142.397949,19579700,GOOG
2024-01-10,142.520004,144.524994,142.460007,143.800003,143.636551,16641900,GOOG
2024-01-11,144.895004,146.660004,142.214996,143.669998,143.506699,17471100,GOOG
2024-01-12,144.339996,144.740005,143.360001,144.240005,144.07605,13995200,GOOG
2024-01-16,143.429993,145.839996,143.056,144.080002,143.916229,19198900,GOOG
2024-01-17,142.910004,143.410004,140.509995,142.889999,142.727585,17884500,GOOG
2024-01-18,143.440002,145.585007,143.350006,144.990005,144.825195,18876800,GOOG
2024-01-19,146.304993,148.039993,145.800003,147.970001,147.801804,27170900,GOOG
2024-01-22,148.710007,150.014999,147.580002,147.710007,147.542114,21829200,GOOG
2024-01-23,147.720001,148.860001,147.190002,148.679993,148.511002,14113600,GOOG
2024-01-24,150.289993,151.570007,149.839996,150.350006,150.179108,19245000,GOOG
2024-01-25,151.740005,154.759995,151.220001,153.639999,153.465363,21495100,GOOG
2024-01-26,152.869995,154.110001,152.800003,153.789993,153.615189,19494500,GOOG
2024-01-29,153.639999,155.199997,152.919998,154.839996,154.664001,20909300,GOOG
2024-01-30,154.009995,155.039993,152.774994,153.050003,152.876038,26578900,GOOG
2024-01-31,145.389999,145.589996,141.550003,141.800003,141.638824,43908600,GOOG
2024-02-01,143.690002,144.619995,142.259995,142.710007,142.547791,25526900,GOOG
2024-02-02,140.889999,143.880005,138.169998,143.539993,143.376831,42116900,GOOG
2024-02-05,144.039993,146.669998,143.910004,144.929993,144.765259,29254400,GOOG
2024-02-06,145.960007,146.740005,144.520004,145.410004,145.24472,21517700,GOOG
2024-02-07,146.119995,147.0,145.210007,146.679993,146.51326,21436100,GOOG
2024-02-08,146.970001,147.610001,146.419998,147.220001,147.052658,18241300,GOOG
2024-02-09,147.949997,150.695007,147.429993,150.220001,150.049255,21877700,GOOG
2024-02-12,149.539993,150.589996,148.559998,148.729996,148.560944,17236100,GOOG
2024-02-13,146.070007,148.039993,145.110001,146.369995,146.203629,18138500,GOOG
2024-02-14,147.369995,147.830002,145.554993,147.139999,146.972748,16651800,GOOG
2024-02-15,144.460007,144.759995,141.880005,143.940002,143.776398,26724300,GOOG
2024-02-16,144.210007,144.479996,141.520004,141.759995,141.598862,21849700,GOOG
2024-02-20,140.940002,143.328995,140.800003,142.199997,142.038361,18625600,GOOG
2024-02-21,142.639999,143.979996,141.910004,143.839996,143.676498,16499600,GOOG
2024-02-22,146.119995,146.199997,144.009995,145.320007,145.154831,23024700,GOOG
2024-02-23,144.970001,145.955002,144.789993,145.289993,145.124847,14519400,GOOG
2024-02-26,143.449997,143.839996,138.740005,138.75,138.592285,33513000,GOOG
2024-02-27,139.410004,140.490005,138.5,140.100006,139.940765,22364000,GOOG
2024-02-28,139.100006,139.279999,136.639999,137.429993,137.273788,30628700,GOOG
2024-02-29,138.350006,139.949997,137.570007,139.779999,139.621109,35485000,GOOG
2024-03-01,139.610001,140.0,137.975006,138.080002,137.92305,28522000,GOOG
2024-03-04,136.539993,136.630005,132.860001,134.199997,134.047455,43571500,GOOG
2024-03-05,132.740005,134.020004,131.550003,133.779999,133.62793,28447600,GOOG
2024-03-06,134.240005,134.740005,131.949997,132.559998,132.409317,23175200,GOOG
2024-03-07,133.889999,135.820007,132.660004,135.240005,135.086288,24107300,GOOG
2024-03-08,135.035004,138.985001,134.800003,136.289993,136.135071,26472400,GOOG
2024-03-11,137.070007,139.979996,137.070007,138.940002,138.782074,22536400,GOOG
2024-03-12,138.25,140.279999,138.210007,139.619995,139.461288,19019700,GOOG
2024-03-13,140.059998,142.190002,140.009995,140.770004,140.610001,19637000,GOOG
2024-03-14,142.300003,144.729996,141.485001,144.339996,144.175934,36117900,GOOG
2024-03-15,143.410004,144.339996,141.130005,142.169998,142.008392,41025900,GOOG
2024-03-18,149.369995,152.929993,148.139999,148.479996,148.311218,47676700,GOOG
2024-03-19,148.979996,149.619995,147.009995,147.919998,147.751862,17748400,GOOG
2024-03-20,148.789993,149.759995,147.664993,149.679993,149.509857,17730000,GOOG
2024-03-21,150.320007,151.304993,148.009995,148.740005,148.570938,19843900,GOOG
2024-03-22,150.240005,152.559998,150.089996,151.770004,151.597488,19226300,GOOG
2024-03-25,150.949997,151.455994,148.800003,151.149994,150.978195,15114700,GOOG
2024-03-26,151.240005,153.199997,151.029999,151.699997,151.527573,19312700,GOOG
2024-03-27,152.145004,152.690002,150.130005,151.940002,151.767303,16622000,GOOG
2024-03-28,152.0,152.669998,151.330002,152.259995,152.086929,21105600,GOOG
2024-04-01,151.830002,157.0,151.649994,156.5,156.322113,24469800,GOOG
2024-04-02,154.75,155.990005,153.460007,155.869995,155.692825,17598100,GOOG
2024-04-03,154.919998,156.550003,154.132004,156.369995,156.192261,17266200,GOOG
2024-04-04,155.080002,156.179993,151.880005,151.940002,151.767303,24184800,GOOG
2024-04-05,151.679993,154.839996,151.080994,153.940002,153.76503,16289800,GOOG
2024-04-08,154.014999,156.654999,153.990005,156.139999,155.962524,16641500,GOOG
2024-04-09,157.350006,159.889999,156.639999,158.139999,157.960251,21538100,GOOG
2024-04-10,157.880005,158.160004,156.199997,157.660004,157.480804,16339200,GOOG
2024-04-11,158.339996,161.119995,157.929993,160.789993,160.607224,17841700,GOOG
2024-04-12,159.404999,161.699997,158.600006,159.190002,159.009064,16968200,GOOG
2024-04-15,160.279999,160.830002,156.149994,156.330002,156.152313,21140900,GOOG
2024-04-16,155.639999,157.229996,155.050003,156.0,155.822678,15413200,GOOG
2024-04-17,157.190002,158.681,156.134995,156.880005,156.701691,16237800,GOOG
2024-04-18,156.925003,158.485001,156.210007,157.460007,157.281021,14016100,GOOG
2024-04-19,157.75,157.990005,153.910004,155.720001,155.542999,20063900,GOOG
2024-04-22,156.009995,159.184998,155.660004,157.949997,157.770462,17243900,GOOG
2024-04-23,158.589996,160.479996,157.964996,159.919998,159.73822,16115400,GOOG
2024-04-24,159.089996,161.389999,158.820007,161.100006,160.916885,19485700,GOOG
2024-04-25,153.360001,158.279999,152.768005,157.949997,157.770462,36197800,GOOG
2024-04-26,175.990005,176.419998,171.399994,173.690002,173.492569,56500800,GOOG
2024-04-29,170.770004,171.380005,167.059998,167.899994,167.709152,35914600,GOOG
2024-04-30,167.380005,169.869995,164.5,164.639999,164.452866,29420800,GOOG
2024-05-01,166.179993,168.809998,164.899994,165.570007,165.381805,25223200,GOOG
2024-05-02,166.669998,168.529999,165.690002,168.460007,168.268524,17041100,GOOG
2024-05-03,169.539993,169.850006,164.979996,168.990005,168.797928,22767100,GOOG
2024-05-06,169.220001,169.899994,167.889999,169.830002,169.636963,15147900,GOOG
2024-05-07,170.119995,173.470001,170.0,172.979996,172.783371,21102400,GOOG
2024-05-08,170.75,171.908997,170.522003,171.160004,170.965454,14569900,GOOG
2024-05-09,171.149994,172.440002,169.929993,171.580002,171.384979,11937700,GOOG
2024-05-10,169.690002,171.339996,167.910004,170.289993,170.096436,18740500,GOOG
2024-05-13,165.847,170.949997,165.759995,170.899994,170.705734,19648600,GOOG
2024-05-14,171.589996,172.779999,170.419998,171.929993,171.734573,18729500,GOOG
2024-05-15,172.300003,174.046005,172.029999,173.880005,173.682358,20958200,GOOG
2024-05-16,174.600006,176.339996,174.050003,175.429993,175.230591,17247300,GOOG
2024-05-17,175.550003,177.494995,174.979996,177.289993,177.08847,16546400,GOOG
2024-05-20,177.309998,179.949997,177.225006,178.460007,178.257156,17495100,GOOG
2024-05-21,178.399994,179.820007,177.309998,179.539993,179.335922,14706000,GOOG
2024-05-22,178.399994,178.852005,176.779999,178.0,177.797668,16189400,GOOG
2024-05-23,178.779999,179.910004,174.539993,175.059998,174.861008,14928400,GOOG
2024-05-24,176.520004,177.304001,175.199997,176.330002,176.129578,11400600,GOOG
2024-05-28,175.740005,178.509995,175.679993,178.020004,177.817657,15655300,GOOG
2024-05-29,176.809998,178.229996,176.259995,177.399994,177.198349,15023800,GOOG
2024-05-30,176.690002,176.690002,173.229996,173.559998,173.362717,18844000,GOOG
2024-05-31,173.399994,174.419998,170.970001,173.960007,173.762268,28085200,GOOG
2024-06-03,173.880005,175.860001,172.449997,174.419998,174.221741,20742800,GOOG
2024-06-04,174.449997,175.190002,173.220001,175.130005,174.930939,14066600,GOOG
2024-06-05,176.535004,177.970001,175.289993,177.070007,176.868744,15233900,GOOG
2024-06-06,177.429993,178.710007,177.210007,178.350006,178.147278,14255800,GOOG
2024-06-07,178.460007,179.419998,175.789993,175.949997,175.75,14716300,GOOG
2024-06-10,176.449997,178.470001,174.380005,176.630005,176.630005,17122200,GOOG
2024-06-11,177.720001,178.389999,175.440002,178.190002,178.190002,14402400,GOOG
2024-06-12,179.75,182.080002,177.779999,179.559998,179.559998,18600400,GOOG
2024-06-13,177.839996,178.509995,176.660004,176.740005,176.740005,15956900,GOOG
2024-06-14,175.852005,178.729996,175.852005,178.369995,178.369995,12361600,GOOG
2024-06-17,176.979996,179.919998,176.490005,178.779999,178.779999,15272900,GOOG
2024-06-18,178.789993,178.910004,175.619995,176.449997,176.449997,15640300,GOOG
2024-06-20,176.710007,178.740005,176.460007,177.710007,177.710007,16753200,GOOG
2024-06-21,178.490005,182.511993,178.059998,180.259995,180.259995,59728000,GOOG
2024-06-24,181.279999,182.080002,180.229996,180.789993,180.789993,18198300,GOOG
2024-06-25,181.145004,185.75,181.104996,185.580002,185.580002,18917700,GOOG
2024-06-26,184.199997,185.929993,183.990005,185.369995,185.369995,13375700,GOOG
2024-06-27,185.645004,187.5,185.449997,186.860001,186.860001,13025700,GOOG
2024-06-28,185.720001,186.580002,183.324997,183.419998,183.419998,23032400,GOOG
2024-07-01,184.479996,185.339996,182.729996,184.490005,184.490005,11815900,GOOG
2024-07-02,183.470001,186.949997,183.059998,186.610001,186.610001,12555500,GOOG
2024-07-03,186.300003,187.619995,185.384995,187.389999,187.389999,7409100,GOOG
2024-07-05,187.320007,192.259995,187.320007,191.960007,191.960007,14303400,GOOG
2024-07-08,191.365005,191.679001,189.320007,190.479996,190.479996,12097600,GOOG
2024-07-09,191.75,192.860001,190.229996,190.440002,190.440002,10198500,GOOG
2024-07-10,190.75,193.309998,190.619995,192.660004,192.660004,12052900,GOOG
2024-07-11,191.339996,192.410004,186.820007,187.300003,187.300003,16452000,GOOG
2024-07-12,186.919998,188.690002,186.139999,186.779999,186.779999,14449100,GOOG
2024-07-15,186.490005,189.899994,186.490005,188.190002,188.190002,12186000,GOOG
2024-07-16,188.960007,190.339996,185.119995,185.5,185.5,12760100,GOOG
2024-07-17,184.679993,185.229996,181.619995,182.619995,182.619995,17376600,GOOG
2024-07-18,183.539993,184.050003,178.210007,179.220001,179.220001,17877200,GOOG
2024-07-19,180.369995,181.970001,178.860001,179.389999,179.389999,14485900,GOOG
2024-07-22,182.350006,184.300003,181.899994,183.350006,183.350006,16303900,GOOG
2024-07-23,183.839996,185.220001,183.330002,183.600006,183.600006,23772600,GOOG
2024-07-24,175.389999,177.949997,173.570007,174.369995,174.369995,31250700,GOOG
2024-07-25,174.25,175.199997,169.050003,169.160004,169.160004,28967900,GOOG
2024-07-26,168.770004,169.839996,165.865005,168.679993,168.679993,25150100,GOOG
2024-07-29,170.5,172.160004,169.720001,171.130005,171.130005,13768900,GOOG
2024-07-30,171.830002,172.949997,170.119995,171.860001,171.860001,13681400,GOOG
2024-07-31,174.919998,175.910004,171.720001,173.149994,173.149994,15650200,GOOG
2024-08-01,171.979996,175.679993,170.509995,172.449997,172.449997,17177800,GOOG
2024-08-02,168.190002,170.210007,166.389999,168.399994,168.399994,18907800,GOOG
2024-08-05,157.369995,165.940002,156.600006,160.639999,160.639999,34907800,GOOG
2024-08-06,160.945007,162.350006,158.130005,160.539993,160.539993,36146500,GOOG
2024-08-07,163.240005,164.789993,160.240005,160.75,160.75,19334200,GOOG
2024-08-08,162.343994,165.5,162.029999,163.839996,163.839996,15733600,GOOG
2024-08-09,161.645004,165.520004,160.929993,165.389999,165.389999,13549200,GOOG
2024-08-12,165.994995,166.699997,163.550003,163.949997,163.949997,12425800,GOOG
2024-08-13,165.289993,166.539993,164.770004,165.759995,165.759995,8211933,GOOG
2023-08-14,321.390015,324.059998,320.079987,324.040009,321.524841,18836100,MSFT
2023-08-15,323.0,325.089996,320.899994,321.859985,319.361725,16966300,MSFT
2023-08-16,320.799988,324.420013,319.799988,320.399994,318.586151,20698900,MSFT
2023-08-17,320.540009,321.869995,316.209991,316.880005,315.086121,21257200,MSFT
2023-08-18,314.48999,318.380005,311.549988,316.480011,314.688385,24744800,MSFT
2023-08-21,317.929993,322.769989,317.040009,321.880005,320.05777,24040000,MSFT
2023-08-22,325.5,326.079987,321.459991,322.459991,320.634491,16102000,MSFT
2023-08-23,323.820007,329.200012,323.459991,327.0,325.148804,21166400,MSFT
2023-08-24,332.850006,332.980011,319.959991,319.970001,318.1586,23281400,MSFT
2023-08-25,321.470001,325.359985,318.799988,322.980011,321.151581,21684100,MSFT
2023-08-28,325.660004,326.149994,321.720001,323.700012,321.867493,14808500,MSFT
2023-08-29,321.880005,328.980011,321.880005,328.410004,326.550812,19284600,MSFT
2023-08-30,328.670013,329.809998,326.450012,328.790009,326.92865,15222100,MSFT
2023-08-31,329.200012,330.910004,326.779999,327.76001,325.904541,26411000,MSFT
2023-09-01,331.309998,331.98999,326.779999,328.660004,326.799408,14931200,MSFT
2023-09-05,329.0,334.850006,328.660004,333.549988,331.661682,18553900,MSFT
2023-09-06,333.380005,334.459991,330.179993,332.880005,330.995544,17535800,MSFT
2023-09-07,331.290009,333.079987,329.029999,329.910004,328.042328,18381000,MSFT
2023-09-08,330.089996,336.160004,329.459991,334.269989,332.377625,19530100,MSFT
2023-09-11,337.23999,338.420013,335.429993,337.940002,336.026855,16583300,MSFT
2023-09-12,335.820007,336.790009,331.480011,331.769989,329.891785,17565500,MSFT
2023-09-13,331.309998,336.850006,331.170013,336.059998,334.157532,16544400,MSFT
2023-09-14,339.149994,340.859985,336.570007,338.700012,336.782593,20267000,MSFT
2023-09-15,336.920013,337.399994,329.649994,330.220001,328.350586,37666900,MSFT
2023-09-18,327.799988,330.399994,326.359985,329.059998,327.197144,16834200,MSFT
2023-09-19,326.170013,329.390015,324.51001,328.649994,326.789459,16505900,MSFT
2023-09-20,329.51001,329.589996,320.51001,320.769989,318.954041,21436500,MSFT
2023-09-21,319.26001,325.350006,315.0,319.529999,317.721069,35529500,MSFT
2023-09-22,321.320007,321.450012,316.149994,317.01001,315.215363,21447900,MSFT
2023-09-25,316.589996,317.670013,315.0,317.540009,315.742371,17836000,MSFT
2023-09-26,315.130005,315.880005,310.019989,312.140015,310.372955,26297600,MSFT
2023-09-27,312.299988,314.299988,309.690002,312.790009,311.019226,19410100,MSFT
2023-09-28,310.98999,315.480011,309.450012,313.640015,311.864441,19683600,MSFT
2023-09-29,317.75,319.470001,314.980011,315.75,313.962463,24140300,MSFT
2023-10-02,316.279999,321.890015,315.179993,321.799988,319.978241,20570000,MSFT
2023-10-03,320.829987,321.390015,311.209991,313.390015,311.615875,21033500,MSFT
2023-10-04,314.029999,320.040009,314.0,318.959991,317.154327,20720100,MSFT
2023-10-05,319.089996,319.980011,314.899994,319.359985,317.552032,16965600,MSFT
2023-10-06,316.549988,329.190002,316.299988,327.26001,325.407349,25645500,MSFT
2023-10-09,324.75,330.299988,323.179993,329.820007,327.95285,19891200,MSFT
2023-10-10,330.959991,331.100006,327.670013,328.390015,326.530975,20557100,MSFT
2023-10-11,331.209991,332.820007,329.140015,332.420013,330.538147,20063200,MSFT
2023-10-12,330.570007,333.630005,328.720001,331.160004,329.285248,19313100,MSFT
2023-10-13,332.380005,333.829987,326.359985,327.730011,325.874664,21072400,MSFT
2023-10-16,331.049988,336.140015,330.600006,332.640015,330.756866,22158000,MSFT
2023-10-17,329.589996,333.459991,327.410004,332.059998,330.180176,18338500,MSFT
2023-10-18,332.48999,335.589996,328.299988,330.109985,328.24118,23153600,MSFT
2023-10-19,332.149994,336.880005,330.910004,331.320007,329.444336,25052100,MSFT
2023-10-20,331.720001,331.920013,325.450012,326.670013,324.820709,25012600,MSFT
2023-10-23,325.470001,332.730011,324.390015,329.320007,327.455658,24374700,MSFT
2023-10-24,331.299988,331.839996,327.600006,330.529999,328.658813,31153600,MSFT
2023-10-25,345.019989,346.200012,337.619995,340.670013,338.741425,55053800,MSFT
2023-10-26,340.540009,341.630005,326.940002,327.890015,326.033783,37828500,MSFT
2023-10-27,330.429993,336.720001,328.399994,329.809998,327.942902,29856500,MSFT
2023-10-30,333.410004,339.450012,331.829987,337.309998,335.400421,22828100,MSFT
2023-10-31,338.850006,339.0,334.690002,338.109985,336.195892,20265300,MSFT
2023-11-01,339.790009,347.420013,339.649994,346.070007,344.11087,28158800,MSFT
2023-11-02,347.23999,348.829987,344.769989,348.320007,346.348114,24348100,MSFT
2023-11-03,349.630005,354.390015,347.329987,352.799988,350.802734,23624000,MSFT
2023-11-06,353.450012,357.540009,353.350006,356.529999,354.511658,23828300,MSFT
2023-11-07,359.399994,362.459991,357.630005,360.529999,358.489014,25833900,MSFT
2023-11-08,361.679993,363.869995,360.549988,363.200012,361.14389,26767800,MSFT
2023-11-09,362.299988,364.790009,360.359985,360.690002,358.648071,24847300,MSFT
2023-11-10,361.48999,370.100006,361.070007,369.670013,367.577271,28042100,MSFT
2023-11-13,368.220001,368.470001,365.899994,366.679993,364.604156,19986500,MSFT
2023-11-14,371.01001,371.950012,367.350006,370.269989,368.173798,27683900,MSFT
2023-11-15,371.279999,373.130005,367.109985,369.670013,368.323303,26860100,MSFT
2023-11-16,370.959991,376.350006,370.179993,376.170013,374.799652,27182300,MSFT
2023-11-17,373.609985,374.369995,367.0,369.850006,368.502655,40157000,MSFT
2023-11-20,371.220001,378.869995,371.0,377.440002,376.065002,52465100,MSFT
2023-11-21,375.670013,376.220001,371.119995,373.070007,371.710907,28423100,MSFT
2023-11-22,378.0,379.790009,374.970001,377.850006,376.473511,23345300,MSFT
2023-11-24,377.329987,377.970001,375.140015,377.429993,376.054993,10176600,MSFT
2023-11-27,376.779999,380.640015,376.200012,378.609985,377.230713,22179200,MSFT
2023-11-28,378.350006,383.0,378.160004,382.700012,381.305847,20453100,MSFT
2023-11-29,383.76001,384.299988,377.440002,378.850006,377.469849,28963400,MSFT
2023-11-30,378.48999,380.089996,375.470001,378.910004,377.529633,30554400,MSFT
2023-12-01,376.76001,378.160004,371.309998,374.51001,373.14566,33020400,MSFT
2023-12-04,369.100006,369.519989,362.899994,369.140015,367.795258,32063300,MSFT
2023-12-05,366.450012,373.079987,365.619995,372.519989,371.162903,23065000,MSFT
2023-12-06,373.540009,374.179993,368.029999,368.799988,367.456451,21182100,MSFT
2023-12-07,368.230011,371.450012,366.320007,370.950012,369.598633,23118900,MSFT
2023-12-08,369.200012,374.459991,368.230011,374.230011,372.866699,20144800,MSFT
2023-12-11,368.480011,371.600006,366.100006,371.299988,369.947327,27708800,MSFT
2023-12-12,370.850006,374.420013,370.459991,374.380005,373.016144,24838300,MSFT
2023-12-13,376.019989,377.640015,370.769989,374.369995,373.006165,30955500,MSFT
2023-12-14,373.309998,373.76001,364.130005,365.929993,364.596924,43277500,MSFT
2023-12-15,366.850006,372.399994,366.279999,370.730011,369.379456,78478200,MSFT
2023-12-18,369.450012,373.0,368.679993,372.649994,371.292419,21802900,MSFT
2023-12-19,371.48999,373.26001,369.839996,373.26001,371.900238,20603700,MSFT
2023-12-20,375.0,376.029999,370.529999,370.619995,369.269836,26316700,MSFT
2023-12-21,372.559998,374.410004,370.040009,373.540009,372.17923,17708000,MSFT
2023-12-22,373.679993,375.179993,372.709991,374.579987,373.215393,17091100,MSFT
2023-12-26,375.0,376.940002,373.5,374.660004,373.295135,12673100,MSFT
2023-12-27,373.690002,375.059998,372.809998,374.070007,372.707275,14905400,MSFT
2023-12-28,375.369995,376.459991,374.160004,375.279999,373.912842,14327000,MSFT
2023-12-29,376.0,377.160004,373.480011,376.040009,374.670074,18723000,MSFT
2024-01-02,373.859985,375.899994,366.769989,370.869995,369.518921,25258600,MSFT
2024-01-03,369.01001,373.26001,368.51001,370.600006,369.249908,23083500,MSFT
2024-01-04,370.670013,373.100006,367.170013,367.940002,366.599579,20901500,MSFT
2024-01-05,368.970001,372.059998,366.5,367.75,366.410309,20987000,MSFT
2024-01-08,369.299988,375.200012,369.01001,374.690002,373.325012,23134000,MSFT
2024-01-09,372.01001,375.98999,371.190002,375.790009,374.421021,20830000,MSFT
2024-01-10,376.369995,384.170013,376.320007,382.769989,381.375549,25514200,MSFT
2024-01-11,386.0,390.679993,380.380005,384.630005,383.22879,27850800,MSFT
2024-01-12,385.48999,388.679993,384.649994,388.470001,387.05481,21645700,MSFT
2024-01-16,393.660004,394.029999,387.619995,390.269989,388.848236,27202300,MSFT
2024-01-17,387.980011,390.109985,384.809998,389.470001,388.051147,22234100,MSFT
2024-01-18,391.720001,393.98999,390.119995,393.869995,392.43512,23392100,MSFT
2024-01-19,395.76001,398.670013,393.5,398.670013,397.217682,29272000,MSFT
2024-01-22,400.019989,400.619995,393.589996,396.51001,395.065521,27016900,MSFT
2024-01-23,395.75,399.380005,393.929993,398.899994,397.446808,20525900,MSFT
2024-01-24,401.540009,405.630005,400.450012,402.559998,401.093475,24867000,MSFT
2024-01-25,404.320007,407.01001,402.529999,404.869995,403.395081,21021200,MSFT
2024-01-26,404.369995,406.170013,402.429993,403.929993,402.458496,17803300,MSFT
2024-01-29,406.059998,409.980011,404.329987,409.720001,408.227386,24510200,MSFT
2024-01-30,412.26001,413.049988,406.450012,408.589996,407.101501,33477600,MSFT
2024-01-31,406.959991,415.320007,397.209991,397.579987,396.131622,47871100,MSFT
2024-02-01,401.829987,408.0,401.799988,403.779999,402.309052,30657700,MSFT
2024-02-02,403.809998,412.649994,403.559998,411.220001,409.721954,28245000,MSFT
2024-02-05,409.899994,411.160004,403.98999,405.649994,404.172241,25352300,MSFT
2024-02-06,405.880005,407.970001,402.910004,405.48999,404.012787,18382600,MSFT
2024-02-07,407.440002,414.299988,407.399994,414.049988,412.541595,22340500,MSFT
2024-02-08,414.049988,415.559998,412.529999,414.109985,412.601379,21225300,MSFT
2024-02-09,415.25,420.820007,415.089996,420.549988,419.017914,22032800,MSFT
2024-02-12,420.559998,420.73999,414.75,415.26001,413.747223,21202900,MSFT
2024-02-13,404.940002,410.070007,403.390015,406.320007,404.839783,27824900,MSFT
2024-02-14,408.070007,409.839996,404.570007,409.48999,408.752716,20401200,MSFT
2024-02-15,408.140015,409.130005,404.290009,406.559998,405.828003,21825500,MSFT
2024-02-16,407.959991,408.290009,403.440002,404.059998,403.332489,22281100,MSFT
2024-02-20,403.23999,404.48999,398.01001,402.790009,402.064789,24307900,MSFT
2024-02-21,400.170013,402.290009,397.220001,402.179993,401.455872,18631100,MSFT
2024-02-22,410.190002,412.829987,408.570007,411.649994,410.908813,27009900,MSFT
2024-02-23,415.670013,415.859985,408.970001,410.339996,409.601196,16295900,MSFT
2024-02-26,411.459991,412.160004,407.359985,407.540009,406.806244,16193500,MSFT
2024-02-27,407.98999,408.320007,403.850006,407.480011,406.746338,14835800,MSFT
2024-02-28,408.179993,409.299988,405.320007,407.720001,406.985901,13183100,MSFT
2024-02-29,408.640015,414.200012,405.920013,413.640015,412.895264,31947300,MSFT
2024-03-01,411.269989,415.869995,410.880005,415.5,414.751892,17800300,MSFT
2024-03-04,413.440002,417.350006,412.320007,414.920013,414.172974,17596000,MSFT
2024-03-05,413.959991,414.25,400.640015,402.649994,401.925018,26919200,MSFT
2024-03-06,402.970001,405.160004,398.390015,402.089996,401.366028,22344100,MSFT
2024-03-07,406.119995,409.779999,402.23999,409.140015,408.403381,18718500,MSFT
2024-03-08,407.959991,410.420013,404.329987,406.220001,405.488617,17971700,MSFT
2024-03-11,403.76001,405.679993,401.26001,404.519989,403.791656,16120800,MSFT
2024-03-12,407.619995,415.570007,406.790009,415.279999,414.532288,22457000,MSFT
2024-03-13,418.100006,418.179993,411.450012,415.100006,414.352631,17115900,MSFT
2024-03-14,420.23999,427.820007,417.98999,425.220001,424.454407,34157300,MSFT
2024-03-15,419.290009,422.600006,412.790009,416.420013,415.670258,45049800,MSFT
2024-03-18,414.25,420.730011,413.779999,417.320007,416.568634,20106000,MSFT
2024-03-19,417.829987,421.670013,415.549988,421.410004,420.651276,19837900,MSFT
2024-03-20,422.0,425.959991,420.660004,425.230011,424.464386,17860100,MSFT
2024-03-21,429.829987,430.820007,427.160004,429.369995,428.596924,21296200,MSFT
2024-03-22,429.700012,429.859985,426.070007,428.73999,427.968048,17636500,MSFT
2024-03-25,425.23999,427.410004,421.609985,422.859985,422.098633,18060500,MSFT
2024-03-26,425.609985,425.98999,421.350006,421.649994,420.890808,16725600,MSFT
2024-03-27,424.440002,424.450012,419.01001,421.429993,420.671204,16705000,MSFT
2024-03-28,420.959991,421.869995,419.119995,420.720001,419.962494,21871200,MSFT
2024-04-01,423.950012,427.890015,422.220001,424.570007,423.805573,16316000,MSFT
2024-04-02,420.109985,422.380005,417.839996,421.440002,420.681213,17912000,MSFT
2024-04-03,419.730011,423.26001,419.089996,420.450012,419.692993,16502300,MSFT
2024-04-04,424.98999,428.670013,417.570007,417.880005,417.127625,19370900,MSFT
2024-04-05,420.01001,426.51001,418.320007,425.519989,424.753845,16544300,MSFT
2024-04-08,425.170013,427.279999,423.299988,424.589996,423.825531,14272400,MSFT
2024-04-09,426.440002,427.73999,421.619995,426.279999,425.512482,12512300,MSFT
2024-04-10,422.190002,424.029999,419.700012,423.26001,422.497925,16216600,MSFT
2024-04-11,425.820007,429.369995,422.359985,427.929993,427.159515,17966400,MSFT
2024-04-12,424.049988,425.179993,419.769989,421.899994,421.140381,19232100,MSFT
2024-04-15,426.600006,426.820007,413.429993,413.640015,412.895264,20273500,MSFT
2024-04-16,414.570007,418.399994,413.730011,414.579987,413.833557,16765600,MSFT
2024-04-17,417.25,418.880005,410.329987,411.839996,411.09848,15855500,MSFT
2024-04-18,410.630005,411.890015,403.950012,404.269989,403.542114,21029900,MSFT
2024-04-19,404.029999,405.480011,397.769989,399.119995,398.401398,30276500,MSFT
2024-04-22,400.079987,402.850006,395.75,400.959991,400.238068,20286900,MSFT
2024-04-23,404.23999,408.200012,403.059998,407.570007,406.836182,15734500,MSFT
2024-04-24,409.559998,412.470001,406.779999,409.059998,408.323486,15065300,MSFT
2024-04-25,394.029999,399.890015,388.029999,399.040009,398.321533,40586500,MSFT
2024-04-26,412.170013,413.0,405.76001,406.320007,405.58844,29694700,MSFT
2024-04-29,405.25,406.320007,399.190002,402.25,401.525757,19582100,MSFT
2024-04-30,401.48999,402.160004,389.170013,389.329987,388.628998,28781400,MSFT
2024-05-01,392.609985,401.720001,390.309998,394.940002,394.228912,23562500,MSFT
2024-05-02,397.660004,399.929993,394.649994,397.839996,397.123688,17709400,MSFT
2024-05-03,402.279999,407.149994,401.859985,406.660004,405.927826,17446700,MSFT
2024-05-06,408.76001,413.929993,406.369995,413.540009,412.795441,16996600,MSFT
2024-05-07,414.660004,414.670013,409.089996,409.339996,408.602997,20018200,MSFT
2024-05-08,408.170013,412.230011,406.709991,410.540009,409.800842,11792300,MSFT
2024-05-09,410.570007,412.720001,409.100006,412.320007,411.577637,14689700,MSFT
2024-05-10,412.940002,415.380005,411.799988,414.73999,413.993256,13402300,MSFT
2024-05-13,418.01001,418.350006,410.820007,413.720001,412.975098,15440200,MSFT
2024-05-14,412.019989,417.48999,411.549988,416.559998,415.809998,15109300,MSFT
2024-05-15,417.899994,423.809998,417.269989,423.079987,423.079987,22239500,MSFT
2024-05-16,421.799988,425.420013,420.350006,420.98999,420.98999,17530100,MSFT
2024-05-17,422.540009,422.920013,418.029999,420.209991,420.209991,15352200,MSFT
2024-05-20,420.209991,426.769989,419.98999,425.339996,425.339996,16272100,MSFT
2024-05-21,426.829987,432.970001,424.850006,429.040009,429.040009,21453300,MSFT
2024-05-22,430.089996,432.410004,427.130005,430.519989,430.519989,18073700,MSFT
2024-05-23,432.970001,433.600006,425.420013,427.0,427.0,17211700,MSFT
2024-05-24,427.190002,431.059998,424.410004,430.160004,430.160004,11845800,MSFT
2024-05-28,429.630005,430.820007,426.600006,430.320007,430.320007,15718000,MSFT
2024-05-29,425.690002,430.940002,425.690002,429.170013,429.170013,15517100,MSFT
2024-05-30,424.299988,424.299988,414.23999,414.670013,414.670013,28424800,MSFT
2024-05-31,416.75,416.75,404.51001,415.130005,415.130005,47995300,MSFT
2024-06-03,415.529999,416.429993,408.920013,413.519989,413.519989,17484700,MSFT
2024-06-04,412.429993,416.440002,409.679993,416.070007,416.070007,14348900,MSFT
2024-06-05,417.809998,424.079987,416.299988,424.01001,424.01001,16988000,MSFT
2024-06-06,424.01001,425.309998,420.579987,424.519989,424.519989,14861300,MSFT
2024-06-07,426.200012,426.279999,423.0,423.850006,423.850006,13621700,MSFT
2024-06-10,424.700012,428.079987,423.890015,427.869995,427.869995,14003000,MSFT
2024-06-11,425.480011,432.820007,425.25,432.679993,432.679993,14551100,MSFT
2024-06-12,435.320007,443.399994,433.25,441.059998,441.059998,22366200,MSFT
2024-06-13,440.850006,443.390015,439.369995,441.579987,441.579987,15960600,MSFT
2024-06-14,438.279999,443.140015,436.720001,442.570007,442.570007,13582000,MSFT
2024-06-17,442.589996,450.940002,440.720001,448.369995,448.369995,20790000,MSFT
2024-06-18,449.709991,450.140015,444.890015,446.339996,446.339996,17112500,MSFT
2024-06-20,446.299988,446.529999,441.269989,445.700012,445.700012,19877400,MSFT
2024-06-21,447.380005,450.579987,446.51001,449.779999,449.779999,34486200,MSFT
2024-06-24,449.799988,452.75,446.410004,447.670013,447.670013,15913700,MSFT
2024-06-25,448.25,451.420013,446.75,450.950012,450.950012,16747500,MSFT
2024-06-26,449.0,453.600006,448.190002,452.160004,452.160004,16507000,MSFT
2024-06-27,452.179993,456.170013,451.769989,452.850006,452.850006,14806300,MSFT
2024-06-28,453.070007,455.380005,446.410004,446.950012,446.950012,28362300,MSFT
2024-07-01,448.660004,457.369995,445.660004,456.730011,456.730011,17662800,MSFT
2024-07-02,453.200012,459.589996,453.109985,459.279999,459.279999,13979800,MSFT
2024-07-03,458.190002,461.019989,457.880005,460.769989,460.769989,9932800,MSFT
2024-07-05,459.609985,468.350006,458.970001,467.559998,467.559998,16000300,MSFT
2024-07-08,466.549988,467.700012,464.459991,466.23999,466.23999,12962300,MSFT
2024-07-09,467.0,467.329987,458.0,459.540009,459.540009,17207200,MSFT
2024-07-10,461.220001,466.459991,458.859985,466.25,466.25,18196100,MSFT
2024-07-11,462.980011,464.779999,451.549988,454.700012,454.700012,23111200,MSFT
2024-07-12,454.329987,456.359985,450.649994,453.549988,453.549988,16324300,MSFT
2024-07-15,453.299988,457.26001,451.429993,453.959991,453.959991,14429400,MSFT
2024-07-16,454.220001,454.299988,446.660004,449.519989,449.519989,17175700,MSFT
2024-07-17,442.589996,444.850006,439.179993,443.519989,443.519989,21778000,MSFT
2024-07-18,444.339996,444.649994,434.399994,440.369995,440.369995,20794800,MSFT
2024-07-19,433.100006,441.140015,432.0,437.109985,437.109985,20940400,MSFT
2024-07-22,441.790009,444.600006,438.910004,442.940002,442.940002,15808800,MSFT
2024-07-23,443.899994,448.390015,443.100006,444.850006,444.850006,13107100,MSFT
2024-07-24,440.450012,441.480011,427.589996,428.899994,428.899994,26805800,MSFT
2024-07-25,428.799988,429.799988,417.51001,418.399994,418.399994,29943800,MSFT
2024-07-26,418.200012,428.920013,417.269989,425.269989,425.269989,23583800,MSFT
2024-07-29,431.579987,432.149994,424.700012,426.730011,426.730011,15125800,MSFT
2024-07-30,427.720001,429.049988,417.359985,422.920013,422.920013,32687600,MSFT
2024-07-31,420.5,421.779999,412.209991,418.350006,418.350006,42891400,MSFT
2024-08-01,420.790009,427.459991,413.089996,417.109985,417.109985,30296400,MSFT
2024-08-02,412.48999,415.0,404.339996,408.48999,408.48999,29437900,MSFT
2024-08-05,389.170013,401.040009,385.579987,395.149994,395.149994,40709200,MSFT
2024-08-06,400.0,405.670013,398.5,399.609985,399.609985,24946500,MSFT
2024-08-07,408.640015,410.079987,397.470001,398.429993,398.429993,20650900,MSFT
2024-08-08,402.440002,405.859985,399.940002,402.690002,402.690002,20203000,MSFT
2024-08-09,404.029999,408.049988,402.26001,406.019989,406.019989,19276700,MSFT
2024-08-12,407.059998,408.76001,404.23999,406.809998,406.809998,16739400,MSFT
2024-08-13,410.079987,414.950012,409.579987,414.054993,414.054993,8504123,MSFT
2023-08-14,138.300003,140.589996,137.75,140.570007,140.570007,47148700,AMZN
2023-08-15,140.050003,141.279999,137.229996,137.669998,137.669998,42781500,AMZN
2023-08-16,137.190002,137.270004,135.009995,135.070007,135.070007,41675900,AMZN
2023-08-17,135.460007,136.089996,133.529999,133.979996,133.979996,48354100,AMZN
2023-08-18,131.619995,134.070007,131.149994,133.220001,133.220001,48469400,AMZN
2023-08-21,133.740005,135.190002,132.710007,134.679993,134.679993,41442500,AMZN
2023-08-22,135.080002,135.649994,133.729996,134.25,134.25,32935100,AMZN
2023-08-23,134.5,135.949997,133.220001,135.520004,135.520004,42801000,AMZN
2023-08-24,136.399994,136.779999,131.830002,131.839996,131.839996,43646300,AMZN
2023-08-25,132.470001,133.869995,130.580002,133.259995,133.259995,44147500,AMZN
2023-08-28,133.779999,133.949997,131.850006,133.139999,133.139999,34108400,AMZN
2023-08-29,133.380005,135.139999,133.25,134.910004,134.910004,38646100,AMZN
2023-08-30,134.929993,135.679993,133.919998,135.070007,135.070007,36137000,AMZN
2023-08-31,135.059998,138.789993,135.0,138.009995,138.009995,58781300,AMZN
2023-09-01,139.460007,139.960007,136.880005,138.119995,138.119995,40948300,AMZN
2023-09-05,137.729996,137.800003,135.820007,137.270004,137.270004,40636700,AMZN
2023-09-06,136.320007,137.449997,134.610001,135.360001,135.360001,41785500,AMZN
2023-09-07,133.899994,138.029999,133.160004,137.850006,137.850006,48498900,AMZN
2023-09-08,136.860001,138.850006,136.75,138.229996,138.229996,38348200,AMZN
2023-09-11,138.75,143.619995,138.639999,143.100006,143.100006,56764500,AMZN
2023-09-12,142.320007,143.0,140.610001,141.229996,141.229996,42668500,AMZN
2023-09-13,140.949997,144.979996,140.869995,144.850006,144.850006,60465200,AMZN
2023-09-14,145.080002,145.860001,142.949997,144.720001,144.720001,64033600,AMZN
2023-09-15,142.690002,143.570007,140.089996,140.389999,140.389999,102861700,AMZN
2023-09-18,140.479996,141.75,139.220001,139.979996,139.979996,42823500,AMZN
2023-09-19,138.699997,138.839996,135.559998,137.630005,137.630005,61482500,AMZN
2023-09-20,138.550003,139.369995,135.199997,135.289993,135.289993,46263700,AMZN
2023-09-21,131.940002,132.240005,129.309998,129.330002,129.330002,70234800,AMZN
2023-09-22,131.110001,132.029999,128.520004,129.119995,129.119995,59904300,AMZN
2023-09-25,129.360001,131.779999,128.770004,131.270004,131.270004,46017800,AMZN
2023-09-26,130.119995,130.389999,125.279999,125.980003,125.980003,73048200,AMZN
2023-09-27,125.760002,127.480003,124.129997,125.980003,125.980003,66553400,AMZN
2023-09-28,124.040001,126.580002,123.040001,125.980003,125.980003,54555000,AMZN
2023-09-29,128.199997,129.149994,126.32,127.120003,127.120003,62377600,AMZN
2023-10-02,127.279999,130.470001,126.540001,129.460007,129.460007,48029700,AMZN
2023-10-03,128.059998,128.520004,124.25,124.720001,124.720001,51565000,AMZN
2023-10-04,126.059998,127.360001,125.68,127.0,127.0,44203900,AMZN
2023-10-05,126.709999,126.730003,124.330002,125.959999,125.959999,39660600,AMZN
2023-10-06,124.160004,128.449997,124.129997,127.959999,127.959999,46795900,AMZN
2023-10-09,126.220001,128.789993,124.760002,128.259995,128.259995,38773700,AMZN
2023-10-10,128.820007,130.740005,128.050003,129.479996,129.479996,42178600,AMZN
2023-10-11,129.740005,132.050003,129.610001,131.830002,131.830002,40741800,AMZN
2023-10-12,132.169998,134.479996,131.229996,132.330002,132.330002,55528600,AMZN
2023-10-13,132.979996,133.309998,128.949997,129.789993,129.789993,45786600,AMZN
2023-10-16,130.690002,133.070007,130.429993,132.550003,132.550003,42832900,AMZN
2023-10-17,130.389999,132.580002,128.710007,131.470001,131.470001,49344600,AMZN
2023-10-18,129.899994,130.669998,127.510002,128.130005,128.130005,42699500,AMZN
2023-10-19,130.570007,132.240005,127.470001,128.399994,128.399994,60961400,AMZN
2023-10-20,128.050003,128.169998,124.970001,125.169998,125.169998,56343300,AMZN
2023-10-23,124.629997,127.879997,123.980003,126.559998,126.559998,48260000,AMZN
2023-10-24,127.739998,128.800003,126.339996,128.559998,128.559998,46477400,AMZN
2023-10-25,126.040001,126.339996,120.790001,121.389999,121.389999,74577500,AMZN
2023-10-26,120.629997,121.639999,118.349998,119.57,119.57,100419500,AMZN
2023-10-27,126.199997,130.020004,125.519997,127.739998,127.739998,125309300,AMZN
2023-10-30,129.720001,133.0,128.559998,132.710007,132.710007,72485500,AMZN
2023-10-31,132.75,133.570007,131.710007,133.089996,133.089996,51589400,AMZN
2023-11-01,133.960007,137.350006,133.710007,137.0,137.0,61529400,AMZN
2023-11-02,138.729996,138.809998,136.470001,138.070007,138.070007,52236700,AMZN
2023-11-03,138.990005,139.490005,137.449997,138.600006,138.600006,44007200,AMZN
2023-11-06,138.759995,140.729996,138.360001,139.740005,139.740005,44970400,AMZN
2023-11-07,140.550003,143.369995,140.5,142.710007,142.710007,53553500,AMZN
2023-11-08,142.970001,143.119995,141.220001,142.080002,142.080002,44521700,AMZN
2023-11-09,142.020004,142.649994,139.839996,140.600006,140.600006,36235400,AMZN
2023-11-10,140.460007,143.649994,139.910004,143.559998,143.559998,49287800,AMZN
2023-11-13,142.080002,143.229996,140.669998,142.589996,142.589996,35680600,AMZN
2023-11-14,145.0,147.259995,144.679993,145.800003,145.800003,56674600,AMZN
2023-11-15,147.059998,147.289993,142.589996,143.199997,143.199997,63875700,AMZN
2023-11-16,140.910004,143.320007,139.520004,142.830002,142.830002,49653500,AMZN
2023-11-17,142.660004,145.229996,142.539993,145.179993,145.179993,49636700,AMZN
2023-11-20,145.130005,146.630005,144.729996,146.130005,146.130005,41951200,AMZN
2023-11-21,143.910004,144.050003,141.5,143.899994,143.899994,71226000,AMZN
2023-11-22,144.570007,147.740005,144.570007,146.710007,146.710007,45669100,AMZN
2023-11-24,146.699997,147.199997,145.320007,146.740005,146.740005,22378400,AMZN
2023-11-27,147.529999,149.259995,146.880005,147.729996,147.729996,53762400,AMZN
2023-11-28,146.979996,147.600006,145.529999,147.029999,147.029999,42711700,AMZN
2023-11-29,147.850006,148.539993,145.970001,146.320007,146.320007,40610900,AMZN
2023-11-30,144.759995,146.929993,144.330002,146.089996,146.089996,65814000,AMZN
2023-12-01,146.0,147.25,145.550003,147.029999,147.029999,39924600,AMZN
2023-12-04,145.25,145.350006,142.809998,144.839996,144.839996,48294200,AMZN
2023-12-05,143.550003,148.570007,143.130005,146.880005,146.880005,46822400,AMZN
2023-12-06,147.580002,147.850006,144.279999,144.520004,144.520004,39679000,AMZN
2023-12-07,146.149994,147.919998,145.339996,146.880005,146.880005,52352800,AMZN
2023-12-08,145.479996,147.839996,145.399994,147.419998,147.419998,41858000,AMZN
2023-12-11,145.660004,146.190002,143.639999,145.889999,145.889999,50907300,AMZN
2023-12-12,145.520004,147.5,145.300003,147.479996,147.479996,44944300,AMZN
2023-12-13,148.119995,149.460007,146.820007,148.839996,148.839996,52766200,AMZN
2023-12-14,149.929993,150.539993,145.520004,147.419998,147.419998,58400800,AMZN
2023-12-15,148.380005,150.570007,147.880005,149.970001,149.970001,110039100,AMZN
2023-12-18,150.559998,154.850006,150.050003,154.070007,154.070007,62512800,AMZN
2023-12-19,154.399994,155.119995,152.690002,153.789993,153.789993,43171300,AMZN
2023-12-20,152.899994,155.630005,151.559998,152.119995,152.119995,50322100,AMZN
2023-12-21,153.300003,153.970001,152.100006,153.839996,153.839996,36305700,AMZN
2023-12-22,153.770004,154.350006,152.710007,153.419998,153.419998,29480100,AMZN
2023-12-26,153.559998,153.979996,153.029999,153.410004,153.410004,25067200,AMZN
2023-12-27,153.559998,154.779999,153.119995,153.339996,153.339996,31434700,AMZN
2023-12-28,153.720001,154.080002,152.949997,153.380005,153.380005,27057000,AMZN
2023-12-29,153.100006,153.889999,151.029999,151.940002,151.940002,39789000,AMZN
2024-01-02,151.539993,152.380005,148.389999,149.929993,149.929993,47339400,AMZN
2024-01-03,149.199997,151.050003,148.330002,148.470001,148.470001,49425500,AMZN
2024-01-04,145.589996,147.380005,144.050003,144.570007,144.570007,56039800,AMZN
2024-01-05,144.690002,146.589996,144.529999,145.240005,145.240005,45124800,AMZN
2024-01-08,146.740005,149.399994,146.149994,149.100006,149.100006,46757100,AMZN
2024-01-09,148.330002,151.710007,148.210007,151.369995,151.369995,43812600,AMZN
2024-01-10,152.059998,154.419998,151.880005,153.729996,153.729996,44421800,AMZN
2024-01-11,155.039993,157.169998,153.119995,155.179993,155.179993,49072700,AMZN
2024-01-12,155.389999,156.199997,154.009995,154.619995,154.619995,40460300,AMZN
2024-01-16,153.529999,154.990005,152.149994,153.160004,153.160004,41384600,AMZN
2024-01-17,151.490005,152.149994,149.910004,151.710007,151.710007,34953400,AMZN
2024-01-18,152.770004,153.779999,151.820007,153.5,153.5,37850200,AMZN
2024-01-19,153.830002,155.759995,152.740005,155.339996,155.339996,51033700,AMZN
2024-01-22,156.889999,157.050003,153.899994,154.779999,154.779999,43687500,AMZN
2024-01-23,154.850006,156.210007,153.929993,156.020004,156.020004,37986000,AMZN
2024-01-24,157.800003,158.509995,156.479996,156.869995,156.869995,48547300,AMZN
2024-01-25,156.949997,158.509995,154.550003,157.75,157.75,43638600,AMZN
2024-01-26,158.419998,160.720001,157.910004,159.119995,159.119995,51047400,AMZN
2024-01-29,159.339996,161.289993,158.899994,161.259995,161.259995,45270400,AMZN
2024-01-30,160.699997,161.729996,158.490005,159.0,159.0,45207400,AMZN
2024-01-31,157.0,159.009995,154.809998,155.199997,155.199997,50284400,AMZN
2024-02-01,155.869995,159.759995,155.619995,159.279999,159.279999,76542400,AMZN
2024-02-02,169.190002,172.5,167.330002,171.809998,171.809998,117154900,AMZN
2024-02-05,170.199997,170.550003,167.699997,170.309998,170.309998,55081300,AMZN
2024-02-06,169.389999,170.710007,167.649994,169.149994,169.149994,42505500,AMZN
2024-02-07,169.479996,170.880005,168.940002,170.529999,170.529999,47174100,AMZN
2024-02-08,169.649994,171.429993,168.880005,169.839996,169.839996,42316500,AMZN
2024-02-09,170.899994,175.0,170.580002,174.449997,174.449997,56986000,AMZN
2024-02-12,174.800003,175.389999,171.539993,172.339996,172.339996,51050400,AMZN
2024-02-13,167.729996,170.949997,165.75,168.639999,168.639999,56345100,AMZN
2024-02-14,169.210007,171.210007,168.279999,170.979996,170.979996,42815500,AMZN
2024-02-15,170.580002,171.169998,167.589996,169.800003,169.800003,49855200,AMZN
2024-02-16,168.740005,170.419998,167.169998,169.509995,169.509995,48074600,AMZN
2024-02-20,167.830002,168.710007,165.740005,167.080002,167.080002,41980300,AMZN
2024-02-21,168.940002,170.229996,167.139999,168.589996,168.589996,44575600,AMZN
2024-02-22,173.100006,174.800003,171.770004,174.580002,174.580002,55392400,AMZN
2024-02-23,174.279999,175.75,173.699997,174.990005,174.990005,59715200,AMZN
2024-02-26,175.699997,176.369995,174.259995,174.729996,174.729996,44368600,AMZN
2024-02-27,174.080002,174.619995,172.860001,173.539993,173.539993,31141700,AMZN
2024-02-28,172.440002,174.050003,172.270004,173.160004,173.160004,28180500,AMZN
2024-02-29,173.009995,177.220001,172.850006,176.759995,176.759995,53805400,AMZN
2024-03-01,176.75,178.729996,176.070007,178.220001,178.220001,31956200,AMZN
2024-03-04,177.529999,180.139999,177.490005,177.580002,177.580002,37381500,AMZN
2024-03-05,176.929993,176.929993,173.300003,174.119995,174.119995,37228300,AMZN
2024-03-06,175.539993,176.460007,173.259995,173.509995,173.509995,32090900,AMZN
2024-03-07,174.830002,177.990005,173.720001,176.820007,176.820007,34063300,AMZN
2024-03-08,176.440002,178.789993,174.330002,175.350006,175.350006,37853500,AMZN
2024-03-11,174.309998,174.470001,171.470001,171.960007,171.960007,28484800,AMZN
2024-03-12,173.5,176.759995,171.979996,175.389999,175.389999,36610600,AMZN
2024-03-13,175.899994,177.619995,175.550003,176.559998,176.559998,30772600,AMZN
2024-03-14,177.690002,179.529999,176.470001,178.75,178.75,43705800,AMZN
2024-03-15,176.639999,177.929993,173.899994,174.419998,174.419998,72115500,AMZN
2024-03-18,175.800003,176.690002,174.279999,174.479996,174.479996,31250700,AMZN
2024-03-19,174.220001,176.089996,173.520004,175.899994,175.899994,26880900,AMZN
2024-03-20,176.139999,178.529999,174.639999,178.149994,178.149994,29947200,AMZN
2024-03-21,179.990005,181.419998,178.149994,178.149994,178.149994,32824300,AMZN
2024-03-22,177.75,179.259995,176.75,178.869995,178.869995,27964100,AMZN
2024-03-25,178.009995,180.990005,177.240005,179.710007,179.710007,29815500,AMZN
2024-03-26,180.149994,180.449997,177.949997,178.300003,178.300003,29659000,AMZN
2024-03-27,179.880005,180.0,177.309998,179.830002,179.830002,33272600,AMZN
2024-03-28,180.169998,181.699997,179.259995,180.380005,180.380005,38051600,AMZN
2024-04-01,180.789993,183.0,179.949997,180.970001,180.970001,29174500,AMZN
2024-04-02,179.070007,180.789993,178.380005,180.690002,180.690002,32611500,AMZN
2024-04-03,179.899994,182.869995,179.800003,182.410004,182.410004,31046600,AMZN
2024-04-04,184.0,185.100006,180.0,180.0,180.0,41624300,AMZN
2024-04-05,182.380005,186.270004,181.970001,185.070007,185.070007,42335200,AMZN
2024-04-08,186.899994,187.289993,184.809998,185.190002,185.190002,39221300,AMZN
2024-04-09,187.240005,187.339996,184.199997,185.669998,185.669998,36546900,AMZN
2024-04-10,182.770004,186.270004,182.669998,185.949997,185.949997,35879200,AMZN
2024-04-11,186.740005,189.770004,185.509995,189.050003,189.050003,40020700,AMZN
2024-04-12,187.720001,188.380005,185.080002,186.130005,186.130005,38554300,AMZN
2024-04-15,187.429993,188.690002,183.0,183.619995,183.619995,48052400,AMZN
2024-04-16,183.270004,184.830002,182.259995,183.320007,183.320007,32891300,AMZN
2024-04-17,184.309998,184.570007,179.820007,181.279999,181.279999,31359700,AMZN
2024-04-18,181.470001,182.389999,178.649994,179.220001,179.220001,30723800,AMZN
2024-04-19,178.740005,179.0,173.440002,174.630005,174.630005,55950000,AMZN
2024-04-22,176.940002,178.869995,174.559998,177.229996,177.229996,37924900,AMZN
2024-04-23,178.080002,179.929993,175.979996,179.539993,179.539993,37046500,AMZN
2024-04-24,179.940002,180.320007,176.179993,176.589996,176.589996,34185100,AMZN
2024-04-25,169.679993,173.919998,166.320007,173.669998,173.669998,49249400,AMZN
2024-04-26,177.800003,180.820007,176.130005,179.619995,179.619995,43919800,AMZN
2024-04-29,182.75,183.529999,179.389999,180.960007,180.960007,54063900,AMZN
2024-04-30,181.089996,182.990005,174.800003,175.0,175.0,94639800,AMZN
2024-05-01,181.639999,185.149994,176.559998,179.0,179.0,94645100,AMZN
2024-05-02,180.850006,185.100006,179.910004,184.720001,184.720001,54303500,AMZN
2024-05-03,186.990005,187.869995,185.419998,186.210007,186.210007,39172000,AMZN
2024-05-06,186.279999,188.75,184.800003,188.699997,188.699997,34725300,AMZN
2024-05-07,188.919998,189.940002,187.309998,188.759995,188.759995,34048900,AMZN
2024-05-08,187.440002,188.429993,186.389999,188.0,188.0,26136400,AMZN
2024-05-09,188.880005,191.699997,187.440002,189.5,189.5,43368400,AMZN
2024-05-10,189.160004,189.889999,186.929993,187.479996,187.479996,34141800,AMZN
2024-05-13,188.0,188.309998,185.360001,186.570007,186.570007,24898600,AMZN
2024-05-14,183.820007,187.720001,183.449997,187.070007,187.070007,38698200,AMZN
2024-05-15,185.970001,186.720001,182.729996,185.990005,185.990005,75459900,AMZN
2024-05-16,185.600006,187.309998,183.460007,183.630005,183.630005,38834500,AMZN
2024-05-17,183.759995,185.300003,183.350006,184.699997,184.699997,33175700,AMZN
2024-05-20,184.339996,186.669998,183.279999,183.539993,183.539993,30511800,AMZN
2024-05-21,182.300003,183.259995,180.75,183.149994,183.149994,50839100,AMZN
2024-05-22,183.880005,185.220001,181.970001,183.130005,183.130005,28148800,AMZN
2024-05-23,183.660004,184.759995,180.080002,181.050003,181.050003,33670200,AMZN
2024-05-24,181.649994,182.440002,180.300003,180.75,180.75,27434100,AMZN
2024-05-28,179.929993,182.240005,179.490005,182.149994,182.149994,29927000,AMZN
2024-05-29,181.699997,184.080002,181.550003,182.020004,182.020004,32009300,AMZN
2024-05-30,181.309998,181.339996,178.360001,179.320007,179.320007,29249200,AMZN
2024-05-31,178.300003,179.210007,173.869995,176.440002,176.440002,58903900,AMZN
2024-06-03,177.699997,178.699997,175.919998,178.339996,178.339996,30786600,AMZN
2024-06-04,177.639999,179.820007,176.440002,179.339996,179.339996,27198400,AMZN
2024-06-05,180.100006,181.5,178.75,181.279999,181.279999,32116400,AMZN
2024-06-06,181.75,185.0,181.490005,185.0,185.0,31371200,AMZN
2024-06-07,184.899994,186.289993,183.360001,184.300003,184.300003,28021500,AMZN
2024-06-10,184.070007,187.229996,183.789993,187.059998,187.059998,34494500,AMZN
2024-06-11,187.059998,187.770004,184.539993,187.229996,187.229996,27265100,AMZN
2024-06-12,188.020004,188.350006,185.429993,186.889999,186.889999,33984200,AMZN
2024-06-13,186.089996,187.669998,182.669998,183.830002,183.830002,39721500,AMZN
2024-06-14,183.080002,183.720001,182.229996,183.660004,183.660004,25456400,AMZN
2024-06-17,182.520004,185.0,181.220001,184.059998,184.059998,35601900,AMZN
2024-06-18,183.740005,184.289993,181.429993,182.809998,182.809998,36659200,AMZN
2024-06-20,182.910004,186.509995,182.720001,186.100006,186.100006,44726800,AMZN
2024-06-21,187.800003,189.279999,185.860001,189.080002,189.080002,72931800,AMZN
2024-06-24,189.330002,191.0,185.330002,185.570007,185.570007,50610400,AMZN
2024-06-25,186.809998,188.839996,185.419998,186.339996,186.339996,45898500,AMZN
2024-06-26,186.919998,194.800003,186.259995,193.610001,193.610001,65103900,AMZN
2024-06-27,195.009995,199.839996,194.199997,197.850006,197.850006,74397500,AMZN
2024-06-28,197.729996,198.850006,192.5,193.25,193.25,76930200,AMZN
2024-07-01,193.490005,198.300003,192.820007,197.199997,197.199997,41192000,AMZN
2024-07-02,197.279999,200.429993,195.929993,200.0,200.0,45600000,AMZN
2024-07-03,199.940002,200.029999,196.759995,197.589996,197.589996,31597900,AMZN
2024-07-05,198.649994,200.550003,198.169998,200.0,200.0,39858900,AMZN
2024-07-08,200.039993,201.199997,197.960007,199.289993,199.289993,34767300,AMZN
2024-07-09,199.399994,200.570007,199.050003,199.339996,199.339996,32700100,AMZN
2024-07-10,200.0,200.110001,197.690002,199.789993,199.789993,32883800,AMZN
2024-07-11,200.089996,200.270004,192.860001,195.050003,195.050003,44565000,AMZN
2024-07-12,194.800003,196.470001,193.830002,194.490005,194.490005,30598500,AMZN
2024-07-15,194.559998,196.190002,190.830002,192.720001,192.720001,40683200,AMZN
2024-07-16,195.589996,196.619995,192.240005,193.020004,193.020004,33994700,AMZN
2024-07-17,191.350006,191.580002,185.990005,187.929993,187.929993,48076100,AMZN
2024-07-18,189.589996,189.679993,181.449997,183.75,183.75,51043600,AMZN
2024-07-19,181.139999,184.929993,180.110001,183.130005,183.130005,43081800,AMZN
2024-07-22,185.0,185.059998,182.479996,182.550003,182.550003,39931900,AMZN
2024-07-23,184.100006,189.389999,183.559998,186.410004,186.410004,47537700,AMZN
2024-07-24,183.199997,185.449997,180.410004,180.830002,180.830002,41532400,AMZN
2024-07-25,182.910004,183.899994,176.800003,179.850006,179.850006,44464200,AMZN
2024-07-26,180.389999,183.190002,180.240005,182.5,182.5,29506000,AMZN
2024-07-29,183.839996,184.75,182.380005,183.199997,183.199997,33270100,AMZN
2024-07-30,184.720001,185.860001,179.380005,181.710007,181.710007,39508600,AMZN
2024-07-31,185.050003,187.940002,184.460007,186.979996,186.979996,41667300,AMZN
2024-08-01,189.289993,190.600006,181.869995,184.070007,184.070007,70435600,AMZN
2024-08-02,166.75,168.770004,160.550003,167.899994,167.899994,141448400,AMZN
2024-08-05,154.210007,162.960007,151.610001,161.020004,161.020004,83149400,AMZN
2024-08-06,161.710007,165.080002,158.539993,161.929993,161.929993,59950800,AMZN
2024-08-07,166.550003,167.580002,161.429993,162.770004,162.770004,48408200,AMZN
2024-08-08,165.169998,166.690002,162.550003,165.800003,165.800003,44616200,AMZN
2024-08-09,166.399994,168.550003,165.850006,166.940002,166.940002,36401000,AMZN
2024-08-12,168.139999,168.550003,166.110001,166.800003,166.800003,30040000,AMZN
2024-08-13,167.845001,171.033997,167.100006,169.789993,169.789993,27597938,AMZN
